{"cameraMode":{"drawMode":0,"name":"Shaded","section":"Shading Mode"},"sceneLighting":false,"audioPlay":false,"sceneViewState":{"m_AlwaysRefresh":false,"showFog":true,"showSkybox":false,"showFlares":true,"showImageEffects":true,"showParticleSystems":true,"showVisualEffectGraphs":true,"m_FxEnabled":true},"in2DMode":false,"pivot":{"x":-2.380000114440918,"y":0.6700000762939453,"z":-0.009999990463256836},"rotation":{"x":-0.052395060658454898,"y":-0.05539509281516075,"z":-0.0029109150636941196,"w":0.9970844388008118},"size":0.8660253882408142,"orthographic":true}